Open time,Open,High,Low,Close,Volume,Close time,Quote asset volume,Number of trades,Taker buy base asset volume,Taker buy quote asset volume
2024-10-18 01:00:00,0.713,0.722,0.713,0.72,280625.76,2024-10-18 01:59:59.999,201289.60832,2337,99159.53,71152.37519
2024-10-18 02:00:00,0.721,0.731,0.72,0.728,400330.17,2024-10-18 02:59:59.999,290363.66432,2483,180268.02,130890.75461
2024-10-18 03:00:00,0.728,0.728,0.72,0.721,236822.15,2024-10-18 03:59:59.999,171595.47032,1614,85366.46,61859.81069
2024-10-18 04:00:00,0.721,0.727,0.721,0.724,144249.97,2024-10-18 04:59:59.999,104594.12562,1269,54060.16,39200.00497
2024-10-18 05:00:00,0.725,0.728,0.723,0.728,283046.26,2024-10-18 05:59:59.999,205526.92812,1354,140119.41,101819.22719
2024-10-18 06:00:00,0.728,0.733,0.727,0.73,189281.94,2024-10-18 06:59:59.999,138192.55581,1384,69392.62,50659.27923
2024-10-18 07:00:00,0.73,0.732,0.725,0.729,199603.74,2024-10-18 07:59:59.999,145489.85898,1477,93408.56,68110.78484
2024-10-18 08:00:00,0.729,0.732,0.727,0.729,240408.13,2024-10-18 08:59:59.999,175257.16489,2031,86369.05,62984.19665
2024-10-18 09:00:00,0.729,0.73,0.724,0.725,195431.83,2024-10-18 09:59:59.999,142092.3083,1651,58689.25,42662.89937
2024-10-18 10:00:00,0.725,0.73,0.724,0.73,100215.61,2024-10-18 10:59:59.999,72921.8105,1072,57626.65,41953.25838
2024-10-18 11:00:00,0.73,0.731,0.725,0.726,123805.96,2024-10-18 11:59:59.999,90205.36791,1017,58151.75,42390.62092
2024-10-18 12:00:00,0.726,0.732,0.718,0.719,188813.31,2024-10-18 12:59:59.999,136967.43547,1739,71542.36,51911.79474
2024-10-18 13:00:00,0.72,0.726,0.72,0.724,317279.73,2024-10-18 13:59:59.999,229403.64662,2422,163554.85,118271.88964
2024-10-18 14:00:00,0.725,0.729,0.719,0.727,435919.82,2024-10-18 14:59:59.999,315730.20254,2805,222331.14,161037.5602
2024-10-18 15:00:00,0.728,0.731,0.725,0.726,266084.76,2024-10-18 15:59:59.999,193862.61095,2437,127299.22,92773.8813
2024-10-18 16:00:00,0.727,0.737,0.721,0.735,586012.96,2024-10-18 16:59:59.999,428056.5953,3110,298327.89,218219.45024
2024-10-18 17:00:00,0.735,0.739,0.734,0.735,461231.06,2024-10-18 17:59:59.999,339914.97965,1836,253586.22,187023.12233
2024-10-18 18:00:00,0.736,0.739,0.735,0.737,141336.67,2024-10-18 18:59:59.999,104086.39739,1228,74347.5,54775.02523
2024-10-18 19:00:00,0.737,0.738,0.733,0.733,183879.54,2024-10-18 19:59:59.999,135153.30569,1621,105495.42,77534.21541
2024-10-18 20:00:00,0.733,0.736,0.731,0.732,98796.28,2024-10-18 20:59:59.999,72457.1097,869,35779.81,26251.66691
2024-10-18 21:00:00,0.732,0.733,0.728,0.729,201056.84,2024-10-18 21:59:59.999,146831.83787,918,59864.39,43700.25567
2024-10-18 22:00:00,0.728,0.731,0.726,0.731,125913.84,2024-10-18 22:59:59.999,91747.0974,1250,63707.92,46432.80463
2024-10-18 23:00:00,0.731,0.738,0.731,0.737,213561.14,2024-10-18 23:59:59.999,156892.69526,973,157265.67,115480.79676
2024-10-19 00:00:00,0.737,0.751,0.736,0.75,414384.6,2024-10-19 00:59:59.999,308430.81006,2761,274530.67,204391.17525
2024-10-19 01:00:00,0.75,0.753,0.746,0.747,306744.08,2024-10-19 01:59:59.999,230307.67348,2279,166525.05,125032.9988
2024-10-19 02:00:00,0.746,0.755,0.746,0.754,167030.02,2024-10-19 02:59:59.999,125682.79696,1637,55953.79,42070.05467
2024-10-19 03:00:00,0.754,0.758,0.753,0.754,134587.42,2024-10-19 03:59:59.999,101739.24964,962,58683.8,44367.45317
2024-10-19 04:00:00,0.754,0.757,0.749,0.75,138085.36,2024-10-19 04:59:59.999,103873.72043,958,51257.7,38559.42862
2024-10-19 05:00:00,0.75,0.753,0.749,0.751,81164.37,2024-10-19 05:59:59.999,60949.6359,547,29197.7,21933.02165
2024-10-19 06:00:00,0.751,0.752,0.748,0.749,76409.37,2024-10-19 06:59:59.999,57307.72277,679,29641.04,22229.93622
2024-10-19 07:00:00,0.75,0.751,0.745,0.746,205358.98,2024-10-19 07:59:59.999,153496.68109,1237,83623.33,62581.36756
2024-10-19 08:00:00,0.746,0.75,0.746,0.747,94790.77,2024-10-19 08:59:59.999,70922.22778,1076,34014.28,25459.74884
2024-10-19 09:00:00,0.747,0.75,0.745,0.746,84850.75,2024-10-19 09:59:59.999,63457.05567,733,41665.0,31168.44252
2024-10-19 10:00:00,0.746,0.748,0.739,0.741,142739.29,2024-10-19 10:59:59.999,106041.44122,1528,43826.88,32598.31833
2024-10-19 11:00:00,0.741,0.742,0.733,0.733,96956.38,2024-10-19 11:59:59.999,71519.20593,1163,27394.31,20210.75462
2024-10-19 12:00:00,0.734,0.742,0.733,0.74,83982.15,2024-10-19 12:59:59.999,62032.06153,863,44544.98,32904.0779
2024-10-19 13:00:00,0.741,0.741,0.736,0.739,72227.88,2024-10-19 13:59:59.999,53372.16787,669,29513.4,21806.87352
2024-10-19 14:00:00,0.74,0.745,0.74,0.745,53238.9,2024-10-19 14:59:59.999,39570.20748,523,31376.2,23311.46318
2024-10-19 15:00:00,0.745,0.745,0.74,0.741,93673.81,2024-10-19 15:59:59.999,69552.36962,874,40506.27,30079.3921
2024-10-19 16:00:00,0.741,0.743,0.738,0.738,208031.31,2024-10-19 16:59:59.999,154082.50556,1152,67927.1,50321.93585
2024-10-19 17:00:00,0.738,0.746,0.738,0.744,315836.84,2024-10-19 17:59:59.999,234511.14377,1587,192523.57,142979.59622
2024-10-19 18:00:00,0.744,0.748,0.744,0.747,115545.63,2024-10-19 18:59:59.999,86104.78519,963,70046.34,52221.07633
2024-10-19 19:00:00,0.746,0.751,0.745,0.746,114942.35,2024-10-19 19:59:59.999,85944.72479,1012,55725.55,41657.41525
2024-10-19 20:00:00,0.746,0.758,0.746,0.757,516565.36,2024-10-19 20:59:59.999,388289.43302,2243,357578.26,269017.54892
2024-10-19 21:00:00,0.758,0.929,0.757,0.916,15303957.97,2024-10-19 21:59:59.999,13123089.21695,85872,8331155.54,7123294.53234
2024-10-19 22:00:00,0.917,0.924,0.868,0.88,8920893.31,2024-10-19 22:59:59.999,7921794.41366,45396,4085721.85,3630952.31767
2024-10-19 23:00:00,0.879,0.898,0.863,0.871,6657898.15,2024-10-19 23:59:59.999,5849895.15088,32251,3090164.09,2716579.30093
2024-10-20 00:00:00,0.871,0.883,0.861,0.88,2550054.84,2024-10-20 00:59:59.999,2223880.96247,13976,1344385.32,1173485.95422
2024-10-20 01:00:00,0.88,0.911,0.873,0.908,3440870.21,2024-10-20 01:59:59.999,3061507.96135,16090,2126654.13,1895955.75227
2024-10-20 02:00:00,0.908,0.916,0.895,0.906,3148684.28,2024-10-20 02:59:59.999,2852629.91786,16752,1680212.95,1523334.66826
2024-10-20 03:00:00,0.905,1.065,0.898,1.022,17987282.24,2024-10-20 03:59:59.999,17893069.73511,93698,9713879.67,9640877.38304
2024-10-20 04:00:00,1.021,1.197,1.01,1.15,16135942.98,2024-10-20 04:59:59.999,17710992.32254,73395,8686452.14,9531639.67346
2024-10-20 05:00:00,1.148,1.35,1.138,1.235,22248815.76,2024-10-20 05:59:59.999,27687172.85219,113052,12132117.01,15109432.61041
2024-10-20 06:00:00,1.235,1.29,1.18,1.253,14721554.54,2024-10-20 06:59:59.999,18075958.71769,81534,7511409.19,9229376.63856
2024-10-20 07:00:00,1.253,1.3,1.218,1.289,11876012.52,2024-10-20 07:59:59.999,14914508.35202,57996,6123847.93,7701993.66736
2024-10-20 08:00:00,1.286,1.42,1.245,1.382,20297237.86,2024-10-20 08:59:59.999,27014814.59665,107478,10736006.91,14284208.36557
2024-10-20 09:00:00,1.383,1.395,1.296,1.347,11771061.79,2024-10-20 09:59:59.999,15767096.12441,71677,6091116.68,8165550.1488
2024-10-20 10:00:00,1.347,1.391,1.313,1.377,10826251.42,2024-10-20 10:59:59.999,14668506.87207,64245,5499368.76,7453500.48633
2024-10-20 11:00:00,1.377,1.42,1.329,1.394,10602394.88,2024-10-20 11:59:59.999,14528095.12837,60956,6110712.87,8385728.78178
2024-10-20 12:00:00,1.389,1.73,1.382,1.538,38640861.82,2024-10-20 12:59:59.999,59979720.11358,201681,20445046.45,31722900.36138
2024-10-20 13:00:00,1.54,1.65,1.488,1.572,24230640.49,2024-10-20 13:59:59.999,37643739.63446,128687,12396159.74,19258945.9135
2024-10-20 14:00:00,1.571,1.594,1.44,1.479,19577221.63,2024-10-20 14:59:59.999,29356952.07557,137203,9765793.28,14647424.03923
2024-10-20 15:00:00,1.479,1.563,1.478,1.529,12915354.28,2024-10-20 15:59:59.999,19664233.65883,97896,6137300.86,9352130.75794
2024-10-20 16:00:00,1.528,1.639,1.504,1.588,16705265.35,2024-10-20 16:59:59.999,26313697.88244,125491,9064889.86,14282533.41218
2024-10-20 17:00:00,1.587,1.608,1.511,1.526,8382305.31,2024-10-20 17:59:59.999,13128799.22103,64993,3964999.29,6219474.82875
2024-10-20 18:00:00,1.527,1.585,1.474,1.507,11622082.23,2024-10-20 18:59:59.999,17674913.06905,70391,4715826.65,7189796.26827
2024-10-20 19:00:00,1.507,1.536,1.47,1.518,7246180.96,2024-10-20 19:59:59.999,10884158.92604,50451,3446777.51,5182033.74146
2024-10-20 20:00:00,1.518,1.529,1.46,1.493,6199108.21,2024-10-20 20:59:59.999,9237748.8684,45961,2733350.56,4074086.66524
2024-10-20 21:00:00,1.494,1.5,1.378,1.404,12170865.37,2024-10-20 21:59:59.999,17312245.3476,80995,5342473.69,7597654.4101
2024-10-20 22:00:00,1.403,1.533,1.368,1.502,14145089.69,2024-10-20 22:59:59.999,20389102.37822,92904,7239015.74,10469054.76782
2024-10-20 23:00:00,1.501,1.526,1.454,1.491,8461058.55,2024-10-20 23:59:59.999,12570002.01032,66422,4363151.94,6484998.05265
2024-10-21 00:00:00,1.491,1.491,1.395,1.427,9589630.62,2024-10-21 00:59:59.999,13826119.06679,58701,4053104.53,5847943.25095
2024-10-21 01:00:00,1.427,1.51,1.41,1.484,8443110.73,2024-10-21 01:59:59.999,12374379.09923,54008,4961770.38,7279412.2754
2024-10-21 02:00:00,1.484,1.585,1.461,1.532,11804229.06,2024-10-21 02:59:59.999,18091365.49893,76915,6614986.62,10146931.77127
2024-10-21 03:00:00,1.532,1.568,1.508,1.53,7400923.06,2024-10-21 03:59:59.999,11353594.42412,49736,4042076.66,6208097.5263
2024-10-21 04:00:00,1.529,1.534,1.445,1.498,8541287.11,2024-10-21 04:59:59.999,12624932.04881,50955,3600224.71,5324514.42289
2024-10-21 05:00:00,1.498,1.509,1.457,1.503,5482524.28,2024-10-21 05:59:59.999,8130289.27529,34254,2723496.45,4042621.12162
2024-10-21 06:00:00,1.504,1.549,1.466,1.472,11301090.51,2024-10-21 06:59:59.999,17035023.12923,65695,5911342.66,8923154.66539
2024-10-21 07:00:00,1.472,1.526,1.462,1.511,8489425.33,2024-10-21 07:59:59.999,12638527.11646,45962,4699871.84,7000354.92339
2024-10-21 08:00:00,1.511,1.534,1.493,1.513,6854825.52,2024-10-21 08:59:59.999,10380710.78355,64878,3490314.96,5288307.97718
2024-10-21 09:00:00,1.513,1.579,1.511,1.542,9623533.68,2024-10-21 09:59:59.999,14847989.28935,94538,5352800.07,8260850.23162
2024-10-21 10:00:00,1.541,1.712,1.53,1.703,22547866.33,2024-10-21 10:59:59.999,36584890.11527,187465,12940100.68,21005593.78301
2024-10-21 11:00:00,1.704,1.759,1.586,1.6,23477083.72,2024-10-21 11:59:59.999,39592123.81426,217569,11414701.67,19278477.7685
2024-10-21 12:00:00,1.6,1.607,1.552,1.587,10096733.51,2024-10-21 12:59:59.999,15973216.42285,104411,4958085.61,7853828.08998
2024-10-21 13:00:00,1.587,1.627,1.481,1.491,15077973.23,2024-10-21 13:59:59.999,23305094.80537,134243,6669049.41,10333572.51134
2024-10-21 14:00:00,1.492,1.504,1.448,1.488,12709662.74,2024-10-21 14:59:59.999,18767800.49041,108559,6188286.17,9136418.62654
2024-10-21 15:00:00,1.488,1.556,1.464,1.522,10166839.17,2024-10-21 15:59:59.999,15416401.4467,88994,5674475.31,8605449.98844
2024-10-21 16:00:00,1.522,1.552,1.506,1.531,5848482.01,2024-10-21 16:59:59.999,8926360.34136,65177,2809490.24,4292399.36192
2024-10-21 17:00:00,1.531,1.572,1.529,1.543,4636821.27,2024-10-21 17:59:59.999,7188659.22456,50947,2314875.42,3588311.12037
2024-10-21 18:00:00,1.542,1.578,1.524,1.554,3462347.61,2024-10-21 18:59:59.999,5352397.21271,39520,1822564.97,2818767.00525
2024-10-21 19:00:00,1.554,1.592,1.535,1.56,3187874.01,2024-10-21 19:59:59.999,4976556.01245,35637,1614794.76,2521615.4422
2024-10-21 20:00:00,1.56,1.583,1.541,1.564,3622312.08,2024-10-21 20:59:59.999,5666260.92749,38529,1963785.55,3072525.97171
2024-10-21 21:00:00,1.564,1.585,1.534,1.573,3742275.2,2024-10-21 21:59:59.999,5828356.96074,37525,1685765.43,2629361.07528
2024-10-21 22:00:00,1.573,1.585,1.548,1.548,3419915.33,2024-10-21 22:59:59.999,5362191.91161,33336,1723159.72,2706306.60703
2024-10-21 23:00:00,1.549,1.583,1.538,1.57,2379292.51,2024-10-21 23:59:59.999,3720543.01602,26298,1335663.82,2090680.94106
2024-10-22 00:00:00,1.569,1.649,1.546,1.617,10912249.83,2024-10-22 00:59:59.999,17358852.56584,86995,5982248.31,9530764.78484
2024-10-22 01:00:00,1.617,1.644,1.527,1.578,8990923.62,2024-10-22 01:59:59.999,14254211.03979,84876,4756358.34,7546713.15174
2024-10-22 02:00:00,1.578,1.602,1.51,1.518,4829000.06,2024-10-22 02:59:59.999,7531851.76759,50212,1896634.51,2967799.0483
2024-10-22 03:00:00,1.518,1.548,1.492,1.54,3867998.43,2024-10-22 03:59:59.999,5902215.13129,31702,1721684.34,2636544.86191
2024-10-22 04:00:00,1.54,1.54,1.45,1.501,5591460.87,2024-10-22 04:59:59.999,8346121.23366,46810,1925274.56,2877613.23995
2024-10-22 05:00:00,1.501,1.529,1.495,1.513,3992495.82,2024-10-22 05:59:59.999,6040930.17204,32803,1482148.67,2244062.24469
2024-10-22 06:00:00,1.513,1.523,1.483,1.513,3425180.07,2024-10-22 06:59:59.999,5156207.02892,32990,1634243.21,2462903.82282
2024-10-22 07:00:00,1.514,1.52,1.487,1.496,2123014.6,2024-10-22 07:59:59.999,3188379.92132,22356,836321.19,1256433.65371
2024-10-22 08:00:00,1.496,1.5,1.459,1.486,4912086.15,2024-10-22 08:59:59.999,7267873.85832,44169,2123159.31,3140588.25102
2024-10-22 09:00:00,1.486,1.487,1.442,1.477,3650701.85,2024-10-22 09:59:59.999,5338149.72179,42241,1537572.52,2249258.69307
2024-10-22 10:00:00,1.477,1.488,1.461,1.465,1896175.68,2024-10-22 10:59:59.999,2795421.40805,20160,890755.07,1313320.63079
2024-10-22 11:00:00,1.465,1.474,1.445,1.47,3565845.69,2024-10-22 11:59:59.999,5208973.61163,35209,1395038.34,2039917.67975
2024-10-22 12:00:00,1.469,1.482,1.42,1.44,5091409.52,2024-10-22 12:59:59.999,7336341.04316,40598,1956581.56,2823147.95636
2024-10-22 13:00:00,1.439,1.442,1.402,1.413,4539051.12,2024-10-22 13:59:59.999,6433586.81167,32643,1714561.9,2431016.73883
2024-10-22 14:00:00,1.413,1.428,1.383,1.412,4743987.66,2024-10-22 14:59:59.999,6663208.98128,36509,2264888.56,3182615.39684
2024-10-22 15:00:00,1.412,1.417,1.387,1.409,2572686.04,2024-10-22 15:59:59.999,3607628.87812,25914,1207325.6,1694520.6961
2024-10-22 16:00:00,1.408,1.422,1.34,1.346,5867727.16,2024-10-22 16:59:59.999,8117235.64838,38754,2222762.08,3073515.91264
2024-10-22 17:00:00,1.345,1.357,1.311,1.325,6753453.57,2024-10-22 17:59:59.999,8979203.58437,46552,2897816.32,3857106.73062
2024-10-22 18:00:00,1.326,1.334,1.271,1.274,4171793.26,2024-10-22 18:59:59.999,5427755.55498,26288,1308736.59,1706956.74462
2024-10-22 19:00:00,1.274,1.304,1.254,1.287,6939973.61,2024-10-22 19:59:59.999,8855694.6891,44062,3241860.0,4144210.90581
2024-10-22 20:00:00,1.286,1.313,1.284,1.303,2692849.19,2024-10-22 20:59:59.999,3503128.41254,20203,1244402.44,1619228.00744
2024-10-22 21:00:00,1.302,1.312,1.295,1.307,1626170.34,2024-10-22 21:59:59.999,2122351.9222,12707,939705.56,1226175.20266
2024-10-22 22:00:00,1.308,1.369,1.307,1.354,4240597.14,2024-10-22 22:59:59.999,5709146.00082,35837,2383995.97,3207710.06349
2024-10-22 23:00:00,1.354,1.366,1.341,1.355,5167623.67,2024-10-22 23:59:59.999,7001597.24033,31244,2608970.89,3536043.82774
2024-10-23 00:00:00,1.355,1.355,1.309,1.31,4618167.29,2024-10-23 00:59:59.999,6155799.70895,38700,1740909.62,2318212.70109
2024-10-23 01:00:00,1.31,1.322,1.287,1.311,3101399.29,2024-10-23 01:59:59.999,4040572.56814,24851,1177375.01,1536041.45352
2024-10-23 02:00:00,1.312,1.319,1.3,1.307,977421.24,2024-10-23 02:59:59.999,1279101.7727,11280,390666.58,511536.34381
2024-10-23 03:00:00,1.306,1.315,1.28,1.306,3119670.34,2024-10-23 03:59:59.999,4027240.66949,16376,1031460.61,1334124.63146
2024-10-23 04:00:00,1.305,1.311,1.274,1.275,1462873.08,2024-10-23 04:59:59.999,1888844.56258,14511,542932.05,701617.83006
2024-10-23 05:00:00,1.275,1.3,1.272,1.288,1276465.49,2024-10-23 05:59:59.999,1642014.01033,13817,629593.62,810788.1842
2024-10-23 06:00:00,1.287,1.311,1.285,1.289,1343225.89,2024-10-23 06:59:59.999,1743607.01396,15449,637427.85,827820.18342
2024-10-23 07:00:00,1.289,1.301,1.274,1.282,1661081.09,2024-10-23 07:59:59.999,2137740.00158,15376,692908.99,892831.43436
2024-10-23 08:00:00,1.28,1.291,1.25,1.257,4273951.89,2024-10-23 08:59:59.999,5411583.85332,33305,1557607.57,1975052.8499
2024-10-23 09:00:00,1.256,1.259,1.225,1.226,3553412.21,2024-10-23 09:59:59.999,4414611.22719,21261,1402541.05,1742916.29786
2024-10-23 10:00:00,1.227,1.243,1.221,1.233,2450050.41,2024-10-23 10:59:59.999,3018558.59697,16803,1222231.74,1506855.51411
2024-10-23 11:00:00,1.233,1.241,1.19,1.194,2712500.95,2024-10-23 11:59:59.999,3290984.04283,17072,989116.17,1201077.79761
2024-10-23 12:00:00,1.194,1.215,1.161,1.196,5289837.92,2024-10-23 12:59:59.999,6277810.38301,34898,2388419.32,2837320.90488
2024-10-23 13:00:00,1.196,1.22,1.192,1.201,2436785.92,2024-10-23 13:59:59.999,2935720.91566,17295,1329394.84,1602275.6702
2024-10-23 14:00:00,1.201,1.246,1.197,1.212,3306881.83,2024-10-23 14:59:59.999,4035373.45366,23410,2040379.38,2489143.64263
2024-10-23 15:00:00,1.212,1.218,1.196,1.202,2022506.51,2024-10-23 15:59:59.999,2440592.25311,17301,969965.87,1171381.58259
2024-10-23 16:00:00,1.203,1.23,1.188,1.206,4534849.27,2024-10-23 16:59:59.999,5471777.74845,37003,2140469.44,2586941.09444
2024-10-23 17:00:00,1.206,1.225,1.196,1.201,2502784.13,2024-10-23 17:59:59.999,3030224.68106,17191,1284872.77,1558180.10438
2024-10-23 18:00:00,1.201,1.222,1.186,1.207,2662244.25,2024-10-23 18:59:59.999,3202176.26649,20692,1473125.94,1773925.6155
2024-10-23 19:00:00,1.207,1.226,1.201,1.209,1576872.51,2024-10-23 19:59:59.999,1910995.23031,10064,856286.45,1037699.85436
2024-10-23 20:00:00,1.209,1.213,1.197,1.201,1405860.1,2024-10-23 20:59:59.999,1693014.49053,8485,715732.66,862523.46753
2024-10-23 21:00:00,1.201,1.204,1.18,1.181,1538075.81,2024-10-23 21:59:59.999,1835120.70354,7844,707274.46,844112.85926
2024-10-23 22:00:00,1.18,1.19,1.139,1.144,3216098.56,2024-10-23 22:59:59.999,3755694.87798,18431,1194526.19,1396911.31882
2024-10-23 23:00:00,1.145,1.15,1.118,1.129,3000448.57,2024-10-23 23:59:59.999,3398608.42881,23730,1493383.47,1691978.2699
2024-10-24 00:00:00,1.129,1.159,1.111,1.152,4179864.03,2024-10-24 00:59:59.999,4746428.61859,35274,2557153.21,2905195.24584
2024-10-24 01:00:00,1.152,1.174,1.149,1.163,3089713.71,2024-10-24 01:59:59.999,3591659.98019,23346,1581150.53,1839587.11004
2024-10-24 02:00:00,1.163,1.173,1.148,1.166,1717298.78,2024-10-24 02:59:59.999,1987189.50722,12290,803217.88,929936.42235
2024-10-24 03:00:00,1.166,1.196,1.164,1.177,2915894.42,2024-10-24 03:59:59.999,3443082.11746,18217,1702792.58,2011711.73656
2024-10-24 04:00:00,1.176,1.183,1.166,1.169,818649.12,2024-10-24 04:59:59.999,960043.49158,11214,319601.1,374942.1982
2024-10-24 05:00:00,1.169,1.189,1.165,1.177,1141365.45,2024-10-24 05:59:59.999,1345321.44428,10653,628766.78,741277.79062
2024-10-24 06:00:00,1.177,1.204,1.167,1.169,1542173.16,2024-10-24 06:59:59.999,1824878.91015,13896,750938.86,889225.2388
2024-10-24 07:00:00,1.168,1.175,1.15,1.158,1757281.07,2024-10-24 07:59:59.999,2037798.09747,12412,875777.63,1015683.82602
2024-10-24 08:00:00,1.158,1.165,1.126,1.128,3758190.12,2024-10-24 08:59:59.999,4328320.13353,31125,2198977.75,2537493.34314
2024-10-24 09:00:00,1.128,1.144,1.12,1.13,1497383.94,2024-10-24 09:59:59.999,1697971.58916,13868,686879.76,779576.74143
2024-10-24 10:00:00,1.13,1.151,1.129,1.134,1678526.05,2024-10-24 10:59:59.999,1913497.41094,11197,991817.42,1130998.48326
2024-10-24 11:00:00,1.135,1.148,1.103,1.121,3146243.44,2024-10-24 11:59:59.999,3536302.12864,14422,847529.41,955926.24737
2024-10-24 12:00:00,1.121,1.135,1.12,1.126,1701458.0,2024-10-24 12:59:59.999,1918333.47449,12444,823014.79,928504.65199
2024-10-24 13:00:00,1.126,1.136,1.11,1.127,1979626.45,2024-10-24 13:59:59.999,2220995.46951,15081,1076496.39,1208590.19419
2024-10-24 14:00:00,1.127,1.128,1.082,1.088,3476512.5,2024-10-24 14:59:59.999,3815036.83002,20952,1670435.59,1832319.12543
2024-10-24 15:00:00,1.088,1.137,1.088,1.132,3435465.1,2024-10-24 15:59:59.999,3837639.51675,22125,2036699.23,2274668.03717
2024-10-24 16:00:00,1.132,1.172,1.132,1.164,5764666.88,2024-10-24 16:59:59.999,6654688.62915,36318,3189846.87,3683582.84148
2024-10-24 17:00:00,1.163,1.164,1.14,1.147,1560862.23,2024-10-24 17:59:59.999,1795484.65204,14516,625578.08,720479.25141
2024-10-24 18:00:00,1.148,1.159,1.137,1.142,1228431.8,2024-10-24 18:59:59.999,1410405.00785,11161,609044.72,699827.84823
2024-10-24 19:00:00,1.142,1.157,1.133,1.146,1195132.59,2024-10-24 19:59:59.999,1369626.34574,10410,496579.12,569163.75176
2024-10-24 20:00:00,1.145,1.167,1.141,1.155,1210104.69,2024-10-24 20:59:59.999,1400109.13712,10938,656785.2,759964.15166
2024-10-24 21:00:00,1.155,1.164,1.139,1.148,1434586.5,2024-10-24 21:59:59.999,1650720.78314,9455,747288.67,860090.78379
2024-10-24 22:00:00,1.148,1.148,1.121,1.123,1289293.07,2024-10-24 22:59:59.999,1458532.27318,9022,396853.22,448735.21688
2024-10-24 23:00:00,1.122,1.155,1.12,1.139,1658777.64,2024-10-24 23:59:59.999,1891449.23131,9950,889068.17,1012911.23768
2024-10-25 00:00:00,1.14,1.173,1.137,1.154,2415197.62,2024-10-25 00:59:59.999,2788204.53583,18806,1448056.35,1673849.15625
2024-10-25 01:00:00,1.154,1.16,1.133,1.144,1806915.45,2024-10-25 01:59:59.999,2071412.4586,10874,920320.09,1055683.68993
2024-10-25 02:00:00,1.144,1.149,1.113,1.132,1964300.77,2024-10-25 02:59:59.999,2221650.67625,15088,822545.44,931941.60443
2024-10-25 03:00:00,1.132,1.15,1.121,1.124,1340293.83,2024-10-25 03:59:59.999,1517647.93933,11694,527084.68,597082.65314
2024-10-25 04:00:00,1.123,1.129,1.097,1.107,1857984.92,2024-10-25 04:59:59.999,2063062.2372,14766,757010.14,840758.90139
2024-10-25 05:00:00,1.107,1.112,1.091,1.102,1215621.08,2024-10-25 05:59:59.999,1338996.17336,10915,631747.61,696355.80692
2024-10-25 06:00:00,1.103,1.109,1.087,1.096,1328184.16,2024-10-25 06:59:59.999,1458222.73414,8840,660791.43,725318.70719
2024-10-25 07:00:00,1.096,1.127,1.092,1.121,2155519.74,2024-10-25 07:59:59.999,2395285.2965,13291,1185390.86,1317520.17838
2024-10-25 08:00:00,1.122,1.124,1.075,1.122,3633540.46,2024-10-25 08:59:59.999,3999187.19067,19430,1741886.62,1916867.14313
2024-10-25 09:00:00,1.121,1.15,1.109,1.141,3371112.09,2024-10-25 09:59:59.999,3809440.5058,23395,2136983.11,2418031.68981
2024-10-25 10:00:00,1.142,1.154,1.128,1.14,2986863.28,2024-10-25 10:59:59.999,3408644.05358,25025,1865548.29,2130146.18734
2024-10-25 11:00:00,1.14,1.17,1.137,1.146,3530636.59,2024-10-25 11:59:59.999,4070625.58062,22298,2266068.8,2613633.21105
2024-10-25 12:00:00,1.145,1.159,1.135,1.148,2525342.44,2024-10-25 12:59:59.999,2895677.42637,18035,1289058.32,1479793.76213
2024-10-25 13:00:00,1.148,1.23,1.144,1.228,9398862.83,2024-10-25 13:59:59.999,11152642.89833,56796,5964347.21,7081272.6907
2024-10-25 14:00:00,1.228,1.311,1.222,1.253,20608964.12,2024-10-25 14:59:59.999,26155921.44593,152551,11393404.87,14462665.03644
2024-10-25 15:00:00,1.253,1.276,1.186,1.19,11000190.14,2024-10-25 15:59:59.999,13525657.78528,78274,5091453.86,6280419.75018
2024-10-25 16:00:00,1.19,1.197,1.167,1.183,7041534.83,2024-10-25 16:59:59.999,8340294.84542,39289,3622716.64,4294639.427
2024-10-25 17:00:00,1.182,1.191,1.158,1.16,4760290.6,2024-10-25 17:59:59.999,5605427.0884,27491,1932239.65,2278225.1249
2024-10-25 18:00:00,1.16,1.182,1.15,1.168,3983939.73,2024-10-25 18:59:59.999,4639081.64449,31999,1705442.44,1989076.42439
2024-10-25 19:00:00,1.168,1.169,1.147,1.162,1754862.73,2024-10-25 19:59:59.999,2031936.71636,16763,586732.92,679621.50053
2024-10-25 20:00:00,1.163,1.173,1.151,1.156,1230179.03,2024-10-25 20:59:59.999,1429866.06775,12008,688804.57,801578.38247
2024-10-25 21:00:00,1.156,1.172,1.152,1.167,1142037.01,2024-10-25 21:59:59.999,1332329.99674,9554,656909.74,766787.47197
2024-10-25 22:00:00,1.166,1.169,1.113,1.115,3204885.79,2024-10-25 22:59:59.999,3647677.41612,22169,1070956.12,1219408.57057
2024-10-25 23:00:00,1.114,1.118,0.9,1.06,10487508.71,2024-10-25 23:59:59.999,11128907.92033,61004,4381847.1,4661306.20561
2024-10-26 00:00:00,1.059,1.069,1.037,1.06,3083230.63,2024-10-26 00:59:59.999,3242620.5693,32219,1580507.12,1662843.94515
2024-10-26 01:00:00,1.06,1.063,1.037,1.044,1429283.94,2024-10-26 01:59:59.999,1496486.97535,13791,776990.71,814132.84729
2024-10-26 02:00:00,1.043,1.059,1.028,1.049,1337557.81,2024-10-26 02:59:59.999,1396041.93977,11965,590579.05,617197.91267
2024-10-26 03:00:00,1.05,1.064,1.045,1.061,785586.63,2024-10-26 03:59:59.999,829384.94555,7303,483852.28,510914.09675
2024-10-26 04:00:00,1.061,1.062,1.045,1.047,822824.06,2024-10-26 04:59:59.999,866224.45043,7279,426792.79,449560.84707
2024-10-26 05:00:00,1.046,1.055,1.042,1.049,1027999.71,2024-10-26 05:59:59.999,1079262.08523,7546,568234.29,596909.21873
2024-10-26 06:00:00,1.049,1.05,1.036,1.038,1935426.18,2024-10-26 06:59:59.999,2017514.62048,9041,877113.96,914893.6013
2024-10-26 07:00:00,1.037,1.055,1.032,1.044,1531039.95,2024-10-26 07:59:59.999,1600126.8861,8396,916540.61,959501.48218
2024-10-26 08:00:00,1.044,1.049,1.038,1.042,715872.04,2024-10-26 08:59:59.999,746638.69916,4751,425405.3,443667.01593
2024-10-26 09:00:00,1.042,1.087,1.042,1.075,3347592.8,2024-10-26 09:59:59.999,3582220.16648,19100,2280336.83,2439297.02926
2024-10-26 10:00:00,1.075,1.085,1.046,1.05,4521755.09,2024-10-26 10:59:59.999,4816287.52486,17792,2095120.23,2235443.34776
2024-10-26 11:00:00,1.05,1.066,1.048,1.06,1010515.88,2024-10-26 11:59:59.999,1067897.1417,6379,568575.29,601008.09523
2024-10-26 12:00:00,1.059,1.064,1.049,1.051,846585.17,2024-10-26 12:59:59.999,893164.44974,5709,432033.52,456174.77338
2024-10-26 13:00:00,1.05,1.064,1.035,1.035,1278497.65,2024-10-26 13:59:59.999,1338580.72367,10976,557765.43,584806.77605
2024-10-26 14:00:00,1.035,1.043,1.018,1.021,3179743.13,2024-10-26 14:59:59.999,3282505.78725,16387,1391039.56,1437708.23589
2024-10-26 15:00:00,1.022,1.05,1.011,1.042,3580581.41,2024-10-26 15:59:59.999,3680567.8598,22775,1989252.66,2046338.14393
2024-10-26 16:00:00,1.042,1.048,1.032,1.041,1679293.68,2024-10-26 16:59:59.999,1746932.78564,12800,711996.31,740902.0934
2024-10-26 17:00:00,1.041,1.061,1.037,1.047,1398434.94,2024-10-26 17:59:59.999,1467027.61844,8635,713160.7,749145.78798
2024-10-26 18:00:00,1.047,1.064,1.046,1.052,1308930.19,2024-10-26 18:59:59.999,1383650.53357,8425,695191.43,734779.78766
2024-10-26 19:00:00,1.052,1.057,1.047,1.054,930321.2,2024-10-26 19:59:59.999,978328.95457,5631,326934.92,344050.08268
2024-10-26 20:00:00,1.055,1.064,1.048,1.05,452380.46,2024-10-26 20:59:59.999,477821.82514,3761,236065.58,249522.35885
2024-10-26 21:00:00,1.051,1.061,1.049,1.054,292307.32,2024-10-26 21:59:59.999,308264.55518,3176,154689.11,163190.64224
2024-10-26 22:00:00,1.054,1.069,1.053,1.065,454201.21,2024-10-26 22:59:59.999,482045.5424,2995,303670.6,322394.54662
2024-10-26 23:00:00,1.066,1.077,1.061,1.063,768363.42,2024-10-26 23:59:59.999,820649.17718,5588,441708.87,471740.85798
2024-10-27 00:00:00,1.063,1.068,1.057,1.057,631039.89,2024-10-27 00:59:59.999,670029.31558,4535,232652.49,247301.81855
2024-10-27 01:00:00,1.057,1.063,1.05,1.054,503731.21,2024-10-27 01:59:59.999,532395.88982,4167,190597.57,201463.2242
2024-10-27 02:00:00,1.055,1.059,1.047,1.047,506475.14,2024-10-27 02:59:59.999,533142.15763,3874,213029.16,224583.57959
2024-10-27 03:00:00,1.047,1.055,1.043,1.051,1084870.04,2024-10-27 03:59:59.999,1139334.80238,6841,491817.05,516774.15396
2024-10-27 04:00:00,1.052,1.057,1.034,1.035,1375533.81,2024-10-27 04:59:59.999,1431101.26118,8511,592058.94,615470.8296
2024-10-27 05:00:00,1.036,1.05,1.034,1.039,919065.21,2024-10-27 05:59:59.999,958322.89033,5822,586496.14,611867.1157
2024-10-27 06:00:00,1.04,1.04,1.025,1.035,894944.64,2024-10-27 06:59:59.999,924320.16138,6340,469245.71,484670.65875
2024-10-27 07:00:00,1.034,1.037,1.022,1.025,666783.41,2024-10-27 07:59:59.999,685184.53363,5079,263964.32,271584.32091
2024-10-27 08:00:00,1.025,1.033,1.023,1.026,541313.74,2024-10-27 08:59:59.999,555963.22154,4714,260430.81,267564.13479
2024-10-27 09:00:00,1.025,1.039,1.009,1.038,1272636.97,2024-10-27 09:59:59.999,1300444.40585,12905,611246.87,625265.65136
2024-10-27 10:00:00,1.037,1.045,1.032,1.038,1019391.73,2024-10-27 10:59:59.999,1058154.14164,11456,497200.42,516567.92446
2024-10-27 11:00:00,1.039,1.047,1.036,1.044,578677.84,2024-10-27 11:59:59.999,602764.84114,7816,304459.76,317258.53805
2024-10-27 12:00:00,1.044,1.044,1.03,1.032,664677.1,2024-10-27 12:59:59.999,688916.53242,5431,252727.16,262162.08313
2024-10-27 13:00:00,1.031,1.037,1.022,1.022,1295700.41,2024-10-27 13:59:59.999,1334716.49174,8510,487920.73,502926.38086
2024-10-27 14:00:00,1.022,1.039,1.021,1.026,649240.62,2024-10-27 14:59:59.999,669658.17291,5546,297178.6,306629.50677
2024-10-27 15:00:00,1.027,1.034,1.024,1.03,635243.53,2024-10-27 15:59:59.999,654473.73273,5001,290282.41,299204.00762
2024-10-27 16:00:00,1.029,1.048,1.023,1.042,1968842.24,2024-10-27 16:59:59.999,2039086.30984,10572,1312535.1,1360073.34683
2024-10-27 17:00:00,1.042,1.08,1.036,1.063,4427737.25,2024-10-27 17:59:59.999,4690132.95682,27188,3156225.84,3344805.48942
2024-10-27 18:00:00,1.064,1.088,1.054,1.076,3112654.81,2024-10-27 18:59:59.999,3334760.28406,19765,1734130.41,1859735.89885
2024-10-27 19:00:00,1.076,1.1,1.062,1.082,2424743.87,2024-10-27 19:59:59.999,2627591.14103,19415,1468712.99,1591979.58717
2024-10-27 20:00:00,1.082,1.15,1.076,1.136,6665765.88,2024-10-27 20:59:59.999,7540404.81325,39608,3925209.13,4438429.75417
2024-10-27 21:00:00,1.137,1.149,1.121,1.123,3147654.15,2024-10-27 21:59:59.999,3574479.9351,21356,1249314.91,1420830.7903
2024-10-27 22:00:00,1.124,1.198,1.124,1.161,5354176.25,2024-10-27 22:59:59.999,6251756.66278,39964,2871681.7,3355747.9263
2024-10-27 23:00:00,1.16,1.17,1.127,1.13,3141652.38,2024-10-27 23:59:59.999,3600743.61464,19114,1289217.95,1478148.91653
2024-10-28 00:00:00,1.13,1.13,1.107,1.114,946655.94,2024-10-28 00:59:59.999,1055304.14516,6202,375706.22,418360.08679
